patient_id,sample_id,study,Gender,Mutation,MPRvNMPR,Timepoint,primary_site,nodal_site,date_neoadj_start,surgery,date_surgery,recurrence,date_recurrence,death,date_fu,death_cause,event_status,eventfree_date,recurrence_status,recurrencefree_date,survival_status,survival_date
39330,39330_S0,Alone,M,BRAFV600E,0,Baseline,3,3,4/02/2021,1,24/03/2021,0,.,0,8/03/2024,.,0,8/03/2024,0,8/03/2024,0,8/03/2024
39330,39330_S3,Alone,M,BRAFV600E,0,Week 6,3,3,4/02/2021,1,24/03/2021,0,.,0,8/03/2024,.,0,8/03/2024,0,8/03/2024,0,8/03/2024
47876,FD45571464,Neopele,Female,WT,1,Baseline,3,3,12/01/2021,1,25/02/2021,0,.,0,3/04/2024,.,0,3/04/2024,0,3/04/2024,0,3/04/2024
47876,FD45571476,Neopele,Female,WT,1,Week 6,3,3,12/01/2021,1,25/02/2021,0,.,0,3/04/2024,.,0,3/04/2024,0,3/04/2024,0,3/04/2024
48234,48234_S0,Alone,M,BRAFV600E,0,Baseline,3,2,30/07/2018,1,4/10/2018,1,28/11/2018,1,9/12/2018,1,1,28/11/2018,1,28/11/2018,1,9/12/2018
48234,48234_S3,Alone,M,BRAFV600E,0,Week 6,3,2,30/07/2018,1,4/10/2018,1,28/11/2018,1,9/12/2018,1,1,28/11/2018,1,28/11/2018,1,9/12/2018
49407,49407_S0,Alone,M,BRAFV600E,1,Baseline,3,2,3/09/2018,1,13/11/2018,0,.,0,4/08/2023,.,0,4/08/2023,0,4/08/2023,0,4/08/2023
49407,49407_S3,Alone,M,BRAFV600E,1,Week 6,3,2,3/09/2018,1,13/11/2018,0,.,0,4/08/2023,.,0,4/08/2023,0,4/08/2023,0,4/08/2023
49461,49461_S0,Alone,F,BRAFV600K,1,Baseline,3,1,28/06/2018,1,16/10/2018,0,.,0,24/07/2023,.,0,24/07/2023,0,24/07/2023,0,24/07/2023
49461,49461_S3,Alone,F,BRAFV600K,1,Week 6,3,1,28/06/2018,1,16/10/2018,0,.,0,24/07/2023,.,0,24/07/2023,0,24/07/2023,0,24/07/2023
49523,49523_S0,Alone,M,BRAFV600E,0,Baseline,3,2,24/08/2018,1,15/11/2018,1,21/11/2023,0,5/12/2023,.,1,21/11/2023,1,21/11/2023,0,5/12/2023
49523,49523_S3,Alone,M,BRAFV600E,0,Week 6,3,2,24/08/2018,1,15/11/2018,1,21/11/2023,0,5/12/2023,.,1,21/11/2023,1,21/11/2023,0,5/12/2023
49782,49782_S0,Alone,M,BRAFV600R,0,Baseline,3,1,2/10/2018,1,22/11/2018,0,.,0,5/09/2023,.,0,5/09/2023,0,5/09/2023,0,5/09/2023
49782,49782_S3,Alone,M,BRAFV600R,0,Week 6,3,1,2/10/2018,1,22/11/2018,0,.,0,5/09/2023,.,0,5/09/2023,0,5/09/2023,0,5/09/2023
50042,FD45571473,Neopele,Male,WT,0,Week 6,3,3,22/12/2020,1,4/02/2021,1,4/06/2021,0,22/01/2024,.,1,4/06/2021,1,4/06/2021,0,22/01/2024
50262,50262_S3,Alone,F,BRAFV600E,0,Week 6,3,3,27/12/2018,1,14/02/2019,1,15/07/2020,1,30/12/2020,1,1,15/07/2020,1,15/07/2020,1,30/12/2020
50861,50861_S0,Alone,M,BRAFV600E,0,Baseline,3,1,26/02/2019,1,5/04/2019,1,20/08/2020,0,22/12/2023,.,1,20/08/2020,1,20/08/2020,0,22/12/2023
50861,50861_S3,Alone,M,BRAFV600E,0,Week 6,3,1,26/02/2019,1,5/04/2019,1,20/08/2020,0,22/12/2023,.,1,20/08/2020,1,20/08/2020,0,22/12/2023
51684,51684_S0,Alone,F,BRAFV600E,0,Baseline,3,.,16/06/2015,.,.,0,.,0,1/05/2024,.,0,1/05/2024,0,1/05/2024,0,1/05/2024
51684,51684_S3,Alone,F,BRAFV600E,0,Week 6,3,.,16/06/2015,.,.,0,.,0,1/05/2024,.,0,1/05/2024,0,1/05/2024,0,1/05/2024
51686,51686_S0,Alone,F,BRAFV600E,1,Baseline,3,2,14/07/2020,1,24/09/2020,0,.,0,27/10/2023,.,0,27/10/2023,0,27/10/2023,0,27/10/2023
52441,52441_S0,Alone,M,BRAFV600K,1,Baseline,3,1,18/11/2019,1,7/01/2020,0,.,0,8/01/2024,.,0,8/01/2024,0,8/01/2024,0,8/01/2024
52554,FD45571474,Neopele,Male,BRAFV600E,0,Week 6,3,2,30/06/2021,1,17/08/2021,0,.,0,16/10/2023,.,0,16/10/2023,0,16/10/2023,0,16/10/2023
52554,FD45571458,Neopele,Male,BRAFV600E,0,Baseline,3,2,30/06/2021,1,17/08/2021,0,.,0,16/10/2023,.,0,16/10/2023,0,16/10/2023,0,16/10/2023
52557,FD45571478,Neopele,Male,WT,0,Week 6,3,1,1/12/2020,1,14/01/2021,0,.,0,16/02/2024,.,0,16/02/2024,0,16/02/2024,0,16/02/2024
52557,FD45571468,Neopele,Male,WT,0,Baseline,3,1,1/12/2020,1,14/01/2021,0,.,0,16/02/2024,.,0,16/02/2024,0,16/02/2024,0,16/02/2024
52558,52558_S0,Alone,M,BRAFV600E,0,Baseline,3,2,25/11/2019,1,9/01/2020,1,23/01/2020,1,11/02/2021,1,1,23/01/2020,1,23/01/2020,1,11/02/2021
52558,52558_S3,Alone,M,BRAFV600E,0,Week 6,3,2,25/11/2019,1,9/01/2020,1,23/01/2020,1,11/02/2021,1,1,23/01/2020,1,23/01/2020,1,11/02/2021
52898,52898_S0,Alone,F,BRAFV600E,1,Baseline,3,3,31/01/2020,1,19/03/2020,0,.,0,4/07/2023,.,0,4/07/2023,0,4/07/2023,0,4/07/2023
52898,52898_S3,Alone,F,BRAFV600E,1,Week 6,3,3,31/01/2020,1,19/03/2020,0,.,0,4/07/2023,.,0,4/07/2023,0,4/07/2023,0,4/07/2023
53191,53191_S0,Alone,F,BRAFV600E,1,Baseline,3,1,15/04/2020,1,27/05/2020,0,.,0,20/09/2023,.,0,20/09/2023,0,20/09/2023,0,20/09/2023
53191,53191_S3,Alone,F,BRAFV600E,1,Week 6,3,1,15/04/2020,1,27/05/2020,0,.,0,20/09/2023,.,0,20/09/2023,0,20/09/2023,0,20/09/2023
53620,53620_S0,Alone,M,BRAFV600E,0,Baseline,3,3,2/06/2020,1,16/07/2020,1,29/03/2021,0,19/08/2021,.,1,29/03/2021,1,29/03/2021,0,19/08/2021
53620,53620_S3,Alone,M,BRAFV600E,0,Week 6,3,3,2/06/2020,1,16/07/2020,1,29/03/2021,0,19/08/2021,.,1,29/03/2021,1,29/03/2021,0,19/08/2021
53836,FD45571446,Neopele,Female,WT,0,Week 6,3,3,28/05/2021,1,20/07/2021,1,13/10/2021,1,7/01/2023,1,1,13/10/2021,1,13/10/2021,1,7/01/2023
53836,FD45571469,Neopele,Female,WT,0,Baseline,3,3,28/05/2021,1,20/07/2021,1,13/10/2021,1,7/01/2023,1,1,13/10/2021,1,13/10/2021,1,7/01/2023
53950,53950_S0,Alone,M,BRAFV600E,0,Baseline,3,2,5/08/2020,0,.,.,.,0,3/01/2024,.,1,2/09/2020,0,3/01/2024,0,3/01/2024
54222,FD45571465,Neopele,Male,WT,0,Baseline,3,3,15/12/2020,1,3/02/2021,1,31/05/2021,1,21/07/2022,1,1,31/05/2021,1,31/05/2021,1,21/07/2022
54222,FD45571479,Neopele,Male,WT,0,Week 6,3,3,15/12/2020,1,3/02/2021,1,31/05/2021,1,21/07/2022,1,1,31/05/2021,1,31/05/2021,1,21/07/2022
54335,FD45571462,Neopele,Female,WT,1,Baseline,3,2,29/03/2021,1,27/05/2021,1,29/08/2022,0,24/01/2024,.,1,29/08/2022,1,29/08/2022,0,24/01/2024
54335,FD45571456,Neopele,Female,WT,1,Week 6,3,2,29/03/2021,1,27/05/2021,1,29/08/2022,0,24/01/2024,.,1,29/08/2022,1,29/08/2022,0,24/01/2024
54405,FD45571475,Neopele,Male,WT,1,Week 6,3,2,20/11/2020,1,6/01/2021,0,.,0,24/08/2023,.,0,24/08/2023,0,24/08/2023,0,24/08/2023
54503,FD45571457,Neopele,Female,WT,1,Baseline,3,2,19/07/2021,1,1/09/2021,0,.,0,23/10/2023,.,0,23/10/2023,0,23/10/2023,0,23/10/2023
54503,FD45571448,Neopele,Female,WT,1,Week 6,3,2,19/07/2021,1,1/09/2021,0,.,0,23/10/2023,.,0,23/10/2023,0,23/10/2023,0,23/10/2023
54735,FD45571447,Neopele,Male,BRAFV600E,1,Week 6,3,2,21/01/2021,1,11/03/2021,0,.,0,31/05/2023,.,0,31/05/2023,0,31/05/2023,0,31/05/2023
54735,FD45571471,Neopele,Male,BRAFV600E,1,Baseline,3,2,21/01/2021,1,11/03/2021,0,.,0,31/05/2023,.,0,31/05/2023,0,31/05/2023,0,31/05/2023
54746,FD45571463,Neopele,Male,WT,0,Baseline,3,3,21/01/2021,1,4/03/2021,1,8/07/2021,1,29/07/2021,1,1,8/07/2021,1,8/07/2021,1,29/07/2021
54917,FD45571477,Neopele,Male,WT,0,Week 6,3,2,18/02/2021,1,7/04/2021,0,.,0,21/11/2023,.,0,21/11/2023,0,21/11/2023,0,21/11/2023
54917,FD45571470,Neopele,Male,WT,0,Baseline,3,2,18/02/2021,1,7/04/2021,0,.,0,21/11/2023,.,0,21/11/2023,0,21/11/2023,0,21/11/2023
54949,54949_S0,Alone,M,BRAFV600E,0,Baseline,3,1,24/02/2021,1,20/04/2021,0,.,0,28/06/2023,.,0,28/06/2023,0,28/06/2023,0,28/06/2023
54949,54949_S3,Alone,M,BRAFV600E,0,Week 6,3,1,24/02/2021,1,20/04/2021,0,.,0,28/06/2023,.,0,28/06/2023,0,28/06/2023,0,28/06/2023
54952,54952_S0,Alone,M,BRAFV600E,0,Baseline,3,3,4/03/2021,0,.,.,.,1,18/04/2023,1,1,13/04/2021,1,18/04/2023,1,18/04/2023
54953,54953_S3,Alone,F,BRAFV600K,1,Week 6,3,1,3/03/2021,1,22/04/2021,0,.,0,10/01/2024,.,0,10/01/2024,0,10/01/2024,0,10/01/2024
55030,FD45571449,Neopele,Male,WT,1,Week 6,3,2,11/03/2021,1,6/05/2021,0,.,0,26/06/2023,.,0,26/06/2023,0,26/06/2023,0,26/06/2023
55030,FD45571472,Neopele,Male,WT,1,Baseline,3,2,11/03/2021,1,6/05/2021,0,.,0,26/06/2023,.,0,26/06/2023,0,26/06/2023,0,26/06/2023
55096,FD45571450,Neopele,Female,BRAFV600E,1,Week 6,3,3,23/03/2021,1,7/05/2021,0,.,0,19/12/2023,.,0,19/12/2023,0,19/12/2023,0,19/12/2023
55319,FD45571451,Neopele,Male,WT,1,Week 6,3,2,30/04/2021,1,10/06/2021,0,.,0,17/08/2023,.,0,17/08/2023,0,17/08/2023,0,17/08/2023
55319,FD45571461,Neopele,Male,WT,1,Baseline,3,2,30/04/2021,1,10/06/2021,0,.,0,17/08/2023,.,0,17/08/2023,0,17/08/2023,0,17/08/2023
55408,FD45571452,Neopele,Male,WT,0,Week 6,3,2,10/05/2021,1,1/07/2021,0,.,0,22/08/2023,.,0,22/08/2023,0,22/08/2023,0,22/08/2023
55454,FD45571453,Neopele,Male,WT,1,Week 6,3,2,21/05/2021,1,13/07/2021,0,.,0,31/03/2023,.,0,31/03/2023,0,31/03/2023,0,31/03/2023
55472,55472_S0,Alone,M,BRAFV600E,1,Baseline,3,1,4/06/2021,1,30/07/2021,0,.,0,20/10/2023,.,0,20/10/2023,0,20/10/2023,0,20/10/2023
55472,55472_S3,Alone,M,BRAFV600E,1,Week 6,3,1,4/06/2021,1,30/07/2021,0,.,0,20/10/2023,.,0,20/10/2023,0,20/10/2023,0,20/10/2023
55518,FD45571454,Neopele,Male,WT,0,Week 6,3,3,4/06/2021,1,21/07/2021,1,20/11/2023,0,12/01/2024,.,1,20/11/2023,1,20/11/2023,0,12/01/2024
55518,FD45571460,Neopele,Male,WT,0,Baseline,3,3,4/06/2021,1,21/07/2021,1,20/11/2023,0,12/01/2024,.,1,20/11/2023,1,20/11/2023,0,12/01/2024
55552,FD45571455,Neopele,Female,WT,1,Week 6,3,1,7/06/2021,1,27/07/2021,0,.,0,26/09/2023,.,0,26/09/2023,0,26/09/2023,0,26/09/2023
55552,FD45571459,Neopele,Female,WT,1,Baseline,3,1,7/06/2021,1,27/07/2021,0,.,0,26/09/2023,.,0,26/09/2023,0,26/09/2023,0,26/09/2023
